{
  "generation_date": "2025-10-22T18:37:43.292528",
  "dataset_info": {
    "total_samples": 5963,
    "normal_samples": 5000,
    "anomaly_samples": 963,
    "rejected_samples": 74,
    "data_quality_score": 98.8,
    "low_resolution": false
  },
  "anomaly_distribution": {
    "normal": 5000,
    "batt_overheat": 135,
    "batt_undervoltage": 120,
    "solar_fault": 100,
    "batt_overvoltage": 96,
    "converter_failure": 80,
    "batt_overcurrent": 78,
    "eps_overheat": 70,
    "battery_degradation": 64,
    "progressive_overheat": 60,
    "oscillation_coupled": 50,
    "sensor_fault": 50,
    "solar_partial_failure": 40,
    "unknown_pattern": 20
  },
  "system_health": {
    "battery_health": 0.9851097226602945,
    "solar_efficiency": 0.9950122304230093,
    "converter_efficiency": 0.9177028152473239,
    "load_power": 0.7,
    "internal_resistance": 0.05025061348115251,
    "degradation_cycles": 50,
    "orbit_position": 0.7516666666666667,
    "thermal_mass_batt": 25.0,
    "thermal_mass_eps": 20.0,
    "thermal_history_batt": [
      11.329797613665146,
      18.84017576875317,
      20.342482635796664,
      3.815154226813024,
      18.287849123188586,
      10.98856472709275,
      -17.16188354992848,
      -16.812347698462602,
      -15.055600992081533,
      -20.34355937824312
    ],
    "thermal_history_eps": [
      11.52664544486756,
      16.346863883977495,
      18.17575612325422,
      7.9300746594342915,
      15.762778918469422,
      11.442675644232054,
      -13.358529460314669,
      -16.234181267060972,
      -12.014426187455069,
      -17.16070950830563
    ]
  },
  "data_quality": {
    "missing_columns": [],
    "has_nan": {
      "timestamp": 0,
      "V_batt": 50,
      "I_batt": 0,
      "T_batt": 0,
      "V_solar": 0,
      "I_solar": 0,
      "V_bus": 0,
      "I_bus": 0,
      "T_eps": 0,
      "SOC": 50,
      "anomaly_type": 0,
      "orbit_sunlight": 0,
      "P_batt": 50,
      "P_solar": 0,
      "P_bus": 0,
      "converter_ratio": 0,
      "charge_efficiency": 31,
      "delta_V_batt": 0,
      "delta_I_batt": 0,
      "delta_T_batt": 0,
      "delta_V_bus": 0,
      "delta_I_bus": 0,
      "delta_SOC": 0,
      "rolling_std_V_batt": 0,
      "rolling_mean_V_batt": 0,
      "rolling_std_I_batt": 0,
      "rolling_mean_I_batt": 0,
      "rolling_std_T_batt": 0,
      "rolling_mean_T_batt": 0,
      "V_batt_V_bus_ratio": 50,
      "power_balance": 50
    },
    "data_integrity": true,
    "physical_consistency": "HIGH"
  }
}