{
  "window_size": 30,
  "stride": 5,
  "thresholds": {
    "T_batt_critical": 60.0,
    "V_batt_critical_min": 3.0,
    "I_batt_warning": 2.5,
    "V_bus_oscillation": 0.5,
    "converter_ratio_min": 0.7,
    "T_batt_warning": 50.0
  },
  "dataset_shape": {
    "sequences": [
      1187,
      30,
      7
    ],
    "features": [
      1187,
      42
    ],
    "labels": 1187
  },
  "feature_names": [
    "V_batt_mean",
    "V_batt_std",
    "V_batt_max",
    "V_batt_min",
    "V_batt_trend",
    "I_batt_mean",
    "I_batt_std",
    "I_batt_max",
    "I_batt_min",
    "I_batt_trend",
    "T_batt_mean",
    "T_batt_std",
    "T_batt_max",
    "T_batt_min",
    "T_batt_trend",
    "V_bus_mean",
    "V_bus_std",
    "V_bus_max",
    "V_bus_min",
    "V_bus_trend",
    "I_bus_mean",
    "I_bus_std",
    "I_bus_max",
    "I_bus_min",
    "I_bus_trend",
    "V_solar_mean",
    "V_solar_std",
    "V_solar_max",
    "V_solar_min",
    "V_solar_trend",
    "I_solar_mean",
    "I_solar_std",
    "I_solar_max",
    "I_solar_min",
    "I_solar_trend",
    "P_batt_mean",
    "P_batt_var",
    "converter_ratio_mean",
    "converter_ratio_std",
    "converter_efficiency",
    "corr_V_I",
    "oscillation_score"
  ],
  "generation_date": "2025-10-22T19:34:22.461742",
  "base_dataset": "pro_eps_dataset.csv",
  "derived_from": "EPS MCU Simple Dataset",
  "dataset_type": "Complex Temporal Sequences for LSTM/Autoencoder",
  "normalization_applied": true,
  "scaler_parameters": {
    "sequence_scaler_mean": [
      7.739660320134892,
      0.743769643358606,
      4.795717495085584,
      7.693407834878011,
      0.48998955349621653,
      10.006085622016416,
      0.7570996630159965
    ],
    "sequence_scaler_scale": [
      0.8458484548496452,
      1.336575244559447,
      17.966837869858555,
      0.5501838327995779,
      0.15168202082871238,
      7.672826844324019,
      0.6730638163285725
    ],
    "feature_scaler_mean": [
      7.8046041351551185,
      0.31630857368063114,
      8.285361415332776,
      6.739553496208925,
      -0.0004136765272282804,
      0.7437696433586076,
      0.8663515441946664,
      2.0348247683235017,
      -1.5341406908171875,
      0.0003698927854875547,
      4.795717495085649,
      9.745800210222868,
      40.68601516427966,
      -7.667565290648709,
      -0.0012367012678133702,
      7.693407834877843,
      0.4263305109057797,
      8.077385004212307,
      6.028558550968852,
      3.072195728081547e-05,
      0.48998955349620915,
      0.04831249274262263,
      0.5938213984835726,
      0.393272957034541,
      -2.274173400568877e-05,
      10.006085622016275,
      1.922954918768831,
      12.707575400168517,
      5.787870261162589,
      0.000588608141780432,
      0.7570996630160068,
      0.3342636196423255,
      1.3299039595619206,
      0.18563774220724455,
      0.00012515694214200476,
      6.216568402857952,
      58.28807800374817,
      3.8714432557146523,
      1.015310475080351,
      3.8714432557146523,
      0.35468958076826473,
      0.6288528019057109
    ],
    "feature_scaler_scale": [
      0.3203344039627556,
      0.1279323300608032,
      0.30403388766142947,
      0.6795180085696817,
      0.01067691819391742,
      0.9335990191009678,
      0.44250083698962794,
      1.144851159856134,
      0.9595775263462425,
      0.03559592566683019,
      14.395006999203055,
      4.959466968197493,
      23.8125087984289,
      10.727609320746902,
      0.3752551953547018,
      0.30010099421033876,
      0.19549017640840188,
      0.26183324444470535,
      1.008461901013975,
      0.012934785643310428,
      0.14304387283215816,
      0.017308324627187774,
      0.15908938461427616,
      0.14354734845499234,
      0.0049635836672585155,
      7.103762143017669,
      2.2363003852837635,
      7.38630195083083,
      6.297908054146524,
      0.22809569129290488,
      0.5435704292341925,
      0.22637699897725777,
      0.8509147122702947,
      0.23943369059027433,
      0.018719696316149555,
      7.460967431809511,
      44.80299205648843,
      3.8282930107232396,
      1.2491924402821246,
      3.8282930107232396,
      0.32573372429863723,
      0.0670841076423825
    ]
  },
  "input_features": [
    "V_batt",
    "I_batt",
    "T_batt",
    "V_bus",
    "I_bus",
    "V_solar",
    "I_solar"
  ],
  "output_labels": [
    "NORMAL",
    "WARNING",
    "CRITICAL"
  ],
  "purpose": "Training advanced AI models (LSTM, Autoencoder, GRU) for temporal anomaly detection"
}