Label,Count,Percentage
NORMAL,0,0.0
WARNING,768,64.70092670598146
CRITICAL,419,35.299073294018534
TOTAL,1187,100.0
